,brand,title,price
0,Gear,Small 20 L Laptop Backpack PU LAPTOP BACKPACK,"₹1,089"
1,Gear,Small 20 L Laptop Backpack CLASSIC ANTI THEFT FAUX LEATHER,"₹1,071"
2,PROVOGUE,Large 35 L Laptop Backpack Spacy unisex backpack with rain cover and reflective strip,₹888
3,METRONAUT,Medium 30 L Laptop Backpack Khadi Textured Hi storage,₹499
4,MTROCRAFT,Medium 30 L Laptop Backpack Walker Office Backpack,₹540
5,WESLEY,Large 45 L Laptop Backpack Unisex Travel hiking laptop bag fits upto 17.3 inch with Raincover and internal organiser backpack Rucksack College bag,₹798
6,METRONAUT,Medium 30 L Laptop Backpack Khadi Textured Hi storage,₹499
7,Gear,Medium 28 L Backpack Scuba Backpack with Raincover,₹979
8,MTROCRAFT,Large 40 L Laptop Backpack Walker Backapck Red,₹540
9,RUGZAK,Large 35 L Laptop Backpack Waterproof expandable laptop bags (Grey),₹472
10,PROVOGUE,Large 35 L Laptop Backpack Spacy unisex backpack with rain cover and reflective strip,₹888
11,Urban Tribe,Medium 30 L Laptop Backpack Airborne,"₹1,399"
12,urban carrier,Large 45 L Laptop Backpack Medium 45 Liters Laptop Backpack Multicolor Grey White Laptop Backpack Unisex College & School Bags,₹549
13,MTROCRAFT,Medium 30 L Laptop Backpack Walker Office Backpack,₹540
14,PROVOGUE,Large 35 L Laptop Backpack Spacy unisex backpack with rain cover and reflective strip,₹888
15,Gear,Large 32 L Laptop Backpack Climber Business laptop Backpack,"₹1,190"
16,WESLEY,Large 45 L Laptop Backpack Spartan Unisex Travel Rucksack hiking laptop bag fits upto 17.3 inch with Raincover and internal organiser backpack Rucksack College bag Laptop Backpack,₹798
17,Flycraft,Medium 30 L Laptop Backpack simn.1361/2,₹499
18,capriff,Large 31 L Laptop Backpack navy blue backpack casual unisex school bag collage bag travel backpack bag laptop backpack bag (31 liters),₹499
19,Urban Tribe,Large 31 L Laptop Backpack Amigo Laptop Backpack,"₹1,999"
20,Gearcop,Medium 30 L Laptop Backpack GRCPB0071,₹399
21,LOUIS CARON,Large 35 L Laptop Backpack HiStorage,₹629
22,NorthZone,Medium 25 L Laptop Backpack 17 inch,₹499
23,Gear,Medium 27 L Backpack ECO 6 Backpack with Raincover,₹849
24,Mi,Small 12 L Backpack Step Out 12 liters Water Repellent Backpack,₹349
25,Arctic fox,Small 15 L Backpack Black Drawstring Bag,₹167
26,PROVOGUE,Large 35 L Laptop Backpack Spacy unisex backpack with rain cover and reflective strip,₹888
27,Gear,Medium 28 L Laptop Backpack VINTAGE2 ANTI THEFT FAUX LEATHER,"₹1,079"
28,ADAMSON,"Medium 22 L Laptop Backpack Casual college, tution bag",₹299
29,urban carrier,Large 40 L Laptop Backpack medium backpack bags laptop travel bags school & college bags backpack handbags,₹549
30,NorthZone,Large 32 L Laptop Backpack orthzone Unisex 15.6 inch 25 L Casual Waterproof Laptop/Travel/Office/School/College/Business Bag/Backpack (Navy blue),₹569
31,Gear,Small 20 L Laptop Backpack CLASSIC ANTI THEFT FAUX LEATHER,"₹1,079"
32,HP,15.6 L Laptop Backpack JDBAG00007,₹389
33,NorthZone,Large 32 L Laptop Backpack orthzone Unisex 15.6 inch 25 L Casual Waterproof Laptop/Travel/Office/School/College/Business Bag/Backpack (Navy blue),₹540
34,Gearcop,Medium 30 L Laptop Backpack GRCPB0071,₹399
35,Gear,Small 20 L Laptop Backpack CLASSIC ANTI THEFT FAUX LEATHER,"₹1,061"
36,PROVOGUE,Large 35 L Laptop Backpack Unisex Blue Solid Large Laptop cum Backpack-CC-1,₹616
37,RUGZAK,Large 35 L Laptop Backpack Waterproof expandable laptop bags (Black),₹472
38,PROVOGUE,Large 35 L Laptop Backpack Spacy unisex backpack with rain cover and reflective strip,₹890
39,Lazaro,Large 35 L Laptop Backpack Unisex Lightweight Travel Laptop Backpack With Rain Cover,₹689
40,Billion,HiStorage Laptop Backpack,₹599
41,PROVOGUE,Large 35 L Laptop Backpack Spacy unisex backpack with rain cover and reflective strip,₹888
42,urban carrier,Large 45 L Laptop Backpack Medium 45 Liters Laptop Backpack Royal Blue Laptop Backpack Unisex College & School Bags,₹549
43,Gear,Large 32 L Laptop Backpack Climber Business laptop Backpack,"₹1,190"
44,Addu,Large 35 L Laptop Backpack School Backpack|Office Bag|Trendy Backpack|Stylish Fashion Bag Daily Use For Men And Women|Tuition Backpack|Shoulder Backpack|Business Backpack|Work Backpack|Travel Backpack|Casual Backpack|College Backpack For Women|Waterresistant Backpack For Unisex,₹399
45,Goldstar,Medium 30 L Laptop Backpack 30 L Casual Waterproof Laptop Backpack/Office Bag/School Bag/College Bag/Business Bag/Unisex Travel Backpack (RED),₹480
46,SKYBAGS,Large 32 L Laptop Backpack NEW NEON 13 SCHOOL BAG (H) BLUE,₹849
47,Gear,Small 20 L Laptop Backpack CLASSIC ANTI THEFT FAUX LEATHER,"₹1,071"
48,PLAYYBAGS,Large 35 L Laptop Backpack PLAYY130,₹545
49,METRONAUT,Large 35 L Laptop Backpack Stylish Unisex Backpack Casual Laptop Bag-Office Bag-School Bag And College Bag-Multipurpose Backpack,₹526
50,SKYBAGS,Medium 22 L Backpack RAGER 06,₹735
51,Gear,Small 20 L Laptop Backpack PU LAPTOP BACKPACK,"₹1,089"
52,Wildcraft,Medium 30 L Backpack Spacy_Mel,"₹1,219"
53,SKYBAGS,Large 32 L Backpack Figo 04,₹899
54,LOUIS CARON,Large 35 L Laptop Backpack HiStorage,₹629
55,Urban Tribe,Large 31 L Laptop Backpack Amigo Laptop Backpack,"₹1,999"
56,zendro,"Medium 22 L Laptop Backpack Medium 22 L Laptop Backpack stylish and tuff quality used for Casual, college and tution For- Boy's and Girl's",₹499
57,Gear,Medium 25 L Backpack BOMBER ECO STATEMENT 2C,₹599
58,Mi,Medium 21 L Laptop Backpack Business Casual,₹999
59,Gear,Medium 27 L Backpack ECO 6 Backpack with Raincover,₹849
60,NHQ FASHION,55 L Laptop Backpack 55 L Travel Backpack for Outdoor Sport Hiking Rucksuck,₹699
61,ADAMSON,"Medium 22 L Laptop Backpack Casual college, tution bag",₹299
62,SKYBAGS,Large 31 L Backpack SB MARVEL (E) 06,"₹1,109"
63,HEROZ,Large 50 L Laptop Backpack Hacker,"₹1,459"
64,Flycraft,Medium 30 L Laptop Backpack simn.1538 black,₹499
65,urban carrier,Large 45 L Laptop Backpack Indian Army Print Stylish Office Laptop Backpack Unisex College & School Bag,₹549
66,Fast Fashion,Medium 30 L Laptop Backpack ANTI THEFT FAUX LEATHER,₹499
67,Gear,Medium 28 L Laptop Backpack VINTAGE2 ANTI THEFT FAUX LEATHER,"₹1,079"
68,Goldstar,Medium 28 L Laptop Backpack Medium 28 L Laptop Backpack 28 L Duralite Casual Backpack for Men Women | Laptop bagpack for Men Women | Multipurpose Daily Use Travel Bag Small Travelling Hiking Trekking Camping Sort Trips Beg | School College laptop waterproof Bags for Girls Boys | Small Travel Bag | Mini Rucksack | Gym Sports Football bags Dry Backpacks | 15.6 inch laptop backpack office men.,₹485
69,Gear,Medium 30 L Laptop Backpack Space 4,₹689
70,Arctic fox,Small 15 L Backpack Obsidian Drawstring Bag,₹167
71,Gear,Small 18 L Laptop Backpack COMPACT BUSINESS LAPTOP BACKPACK,₹823
72,SKYBAGS,Large 32 L Backpack NEW NEON 18 SCHOOL BAG (H) BLUE,₹829
73,perfect leather,Medium 25 L Laptop Backpack Trendy Backpack College school Trevel Causal Laptop carrying 1680 Men Bags backpack 25 L,₹424
74,WROGN,Large 45 L Laptop Backpack HUSTLE 45 Pro with Reflective Logo and Rain Cover,"₹1,699"
75,Gear,Medium 28 L Backpack Scuba Backpack with Raincover,₹979
76,SEEBA,Medium 25 L Laptop Backpack Casual 15.6 inch Laptop Bag,₹419
77,SAFARI,Medium 26 L Backpack JERSEY 26L BLACK BACKPACK,₹959
78,Wildcraft,17.5 L Laptop Backpack Knight W,₹805
79,Red Lemon,Large 40 L Laptop Backpack Men and Women RL Enforcer Polyester Bange Series 45 L 15.6-inch Laptop Bags Backpack Waterproof USB Anti Theft Travel (Black),"₹2,290"
80,SKYBAGS,Large 33 L Laptop Backpack Herios Plus 04 Black,"₹1,500"
81,Goldstar,Medium 28 L Laptop Backpack Medium 28 L Laptop Backpack 28 L Duralite Casual Backpack for Men Women | Laptop bagpack for Men Women | Multipurpose Daily Use Travel Bag Small Travelling Hiking Trekking Camping Sort Trips Beg | School College laptop waterproof Bags for Girls Boys | Small Travel Bag | Mini Rucksack | Gym Sports Football bags Dry Backpacks | 15.6 inch laptop backpack office men.,₹485
82,MTROCRAFT,Medium 30 L Laptop Backpack MATRIX,₹449
83,Gear,Small 20 L Laptop Backpack PU LAPTOP BACKPACK,"₹1,089"
84,HALLSTEIN,Large 32 L Laptop Backpack Black Red polyester 32 LTR Casual/School/College Backpack For Men & Women,₹319
85,Tracker,"Large 45 L Laptop Backpack Travel Laptop Backpack [Water Resistant] Slim Durable College School Computer Bookbag tracking for Women, Men, Girls, Boys Outdoor Camping&Fits Up to 17.3-inch laptop (Notebook)","₹1,310"
86,DRAZO,Medium 30 L Laptop Backpack 1002 MARSH RED waterproof,₹299
87,Gear,Small 20 L Laptop Backpack CLASSIC ANTI THEFT FAUX LEATHER,"₹1,071"
88,Tracker,"Large 45 L Laptop Backpack Travel Laptop Backpack [Water Resistant] Slim Durable College School Computer Bookbag tracking for Women, Men, Girls, Boys Outdoor Camping&Fits Up to 17.3-inch laptop (Notebook)","₹1,310"
89,Gear,Medium 28 L Laptop Backpack VINTAGE2 ANTI THEFT FAUX LEATHER,"₹1,079"
90,Pro Life,Medium 30 L Laptop Backpack Style Star,₹484
91,Gear,Medium 28 L Backpack Scuba Backpack with Raincover,₹979
92,Gear,Small 16 L Backpack Carry On,₹260
93,Wildcraft,Large 43 L Laptop Backpack Daredevil,"₹1,309"
94,urban carrier,Large 45 L Laptop Backpack Medium 45 Liters Laptop Backpack Light Blue White Laptop Backpack Unisex College & School Bags,₹549
95,Gear,Large 32 L Laptop Backpack Climber Business laptop Backpack,"₹1,190"
96,RUGZAK,Large 35 L Laptop Backpack Waterproof expandable laptop bags (Teal blue),₹472
97,ADAMSON,"Medium 22 L Backpack college bag for men,women",₹299
98,Lunar,"Large 48 L Laptop Backpack Bingo -3 Compartment Premium Quality, Office/College/School Laptop Bag for upto 15.6” Laptop with internal organiser",₹899
99,Urban Tribe,Large 31 L Laptop Backpack Amigo Laptop Backpack,"₹1,999"
100,PROVOGUE,Large 45 L Laptop Backpack JERSEY,"₹1,049"
101,PLAYYBAGS,Large 35 L Laptop Backpack 102,₹545
102,SAFARI,Medium 29 L Laptop Backpack SPREEUSB 19 CASUAL BACKPACK GREY,₹959
103,Gear,Medium 27 L Backpack ECO 6 Backpack with Raincover,₹849
104,SKYBAGS,Medium 30 L Laptop Backpack Campus Plus 03,"₹1,609"
105,SKYBAGS,21.65 L Backpack BRAT,₹739
106,MegaStar,Large 45 L Laptop Backpack Ultimate 45L Premium Quality Hi Storage Travel Laptop Backpack With IPX4 Water Resistant And Up To 17.3 Inch Laptop With Rain Cover And Internal Organiser For Office/School/College/Travel,"₹1,299"
107,HEROZ,Large 50 L Laptop Backpack Hacker,"₹1,459"
108,Wildcraft,Medium 30 L Laptop Backpack Seek,"₹1,091"
109,Wildcraft,17.5 L Laptop Backpack Knight W,₹839
110,PROVOGUE,Large 35 L Laptop Backpack Spacy unisex backpack with rain cover and reflective strip,₹840
111,Red Lemon,Large 40 L Laptop Backpack Men and Women RL Enforcer Polyester Bange Series 45 L 15.6-inch Laptop Bags Backpack Waterproof USB Anti Theft Travel (Black),"₹2,290"
112,Lunar,"Large 35 L Laptop Backpack High Quality 30L Laptop Bag upto 15.6"" Laptop with Rain Cover and Internal Organiser for Office/School/College/Travel",₹849
113,AMERICAN TOURISTER,32.5 L Backpack Fizz Sch Bag,"₹1,307"
114,Carriway,Medium 30 L Laptop Backpack Storm Buster CRW10,₹599
115,Gear,Small 20 L Laptop Backpack CLASSIC ANTI THEFT FAUX LEATHER,"₹1,061"
116,PROVOGUE,Large 35 L Laptop Backpack unisex backpack with rain cover and reflective strip,₹888
117,HP,15.6 L Backpack 15.6odyssey grey green back pack,"₹1,420"
118,Flycraft,Medium 30 L Laptop Backpack simna.1550 black new styles,₹529
119,Gear,Medium 28 L Laptop Backpack VINTAGE2 ANTI THEFT FAUX LEATHER,"₹1,085"
